CGPA,Attendance,Internships,Projects,DSA_Score,Communication_Score,Certifications,Aptitude_Score,Placement,Package_LPA
8.07,56.1,0,1,76.1,72.2,8,77.0,1,10.3
7.43,56.2,0,5,81.6,62.3,7,51.8,1,8.88
5.03,91.3,1,2,52.8,63.7,5,63.5,0,
6.72,70.5,0,0,58.2,49.4,6,69.7,0,
8.02,94.8,1,1,71.1,64.8,3,71.1,0,
9.11,94.0,1,3,78.2,64.5,5,59.5,1,11.03
5.34,83.6,1,1,36.0,62.9,8,65.4,0,
8.69,57.5,2,2,90.3,67.4,5,71.3,1,13.12
9.25,83.9,0,1,81.1,87.1,4,70.8,1,10.12
9.79,61.2,1,0,75.8,79.2,2,67.9,1,10.31
5.3,72.2,3,4,62.0,71.2,0,52.7,0,
9.25,88.8,2,2,93.5,80.6,7,90.2,1,12.04
8.66,77.8,0,5,57.1,65.9,3,85.0,1,12.2
7.59,90.0,1,0,54.8,58.9,1,86.6,1,8.68
5.28,94.5,2,0,41.0,54.8,8,33.2,0,
7.28,79.7,0,4,69.7,58.4,8,67.0,1,7.27
8.42,73.0,1,2,64.5,74.7,1,67.7,1,11.73
7.82,55.3,1,0,69.7,70.4,5,91.1,1,9.49
8.21,64.6,0,4,74.5,65.1,7,69.6,1,11.4
7.03,76.0,1,5,84.5,55.1,0,47.9,1,10.69
9.14,66.2,0,3,90.8,78.0,7,70.6,1,9.56
7.64,57.3,3,0,74.8,91.2,3,59.3,1,11.5
6.03,73.0,0,3,76.1,60.3,7,54.0,1,7.49
8.18,76.9,0,1,52.4,82.9,8,63.6,1,9.31
5.24,76.5,2,4,78.5,80.4,1,57.6,1,10.68
6.94,97.4,1,4,83.5,51.1,6,52.4,1,8.28
6.52,66.7,1,2,65.5,73.1,4,33.5,1,8.39
7.98,80.3,0,4,80.2,69.9,5,75.1,1,8.71
6.77,62.1,2,5,64.2,93.0,8,83.2,1,9.56
9.51,61.0,0,0,96.4,73.7,4,65.1,1,10.25
5.98,83.5,0,3,63.7,84.0,0,68.5,1,7.6
8.7,83.7,0,5,89.9,54.7,8,75.5,1,11.58
9.24,95.7,1,2,77.8,69.9,2,82.0,1,14.41
5.19,71.1,1,5,51.2,72.0,6,67.3,1,6.89
9.44,65.7,0,1,84.1,72.1,5,74.3,1,10.24
6.19,62.2,1,3,48.2,75.9,3,41.7,1,10.18
6.68,91.9,2,1,70.5,63.8,5,59.9,1,8.75
7.45,85.6,2,2,60.1,70.9,4,61.6,1,12.21
6.27,59.9,1,5,74.8,49.6,8,78.3,1,8.98
7.09,78.4,2,5,81.0,60.9,3,43.0,1,10.89
8.19,69.9,0,0,68.4,59.6,4,61.4,1,8.34
5.92,84.9,1,5,55.0,72.1,4,48.2,0,
6.46,64.5,2,4,82.9,54.9,7,48.8,1,8.28
8.81,98.2,1,5,100.0,78.0,5,93.9,1,12.92
8.87,61.6,0,3,94.4,57.1,7,56.3,1,12.19
5.93,86.3,1,1,68.5,73.1,1,59.2,0,
8.86,86.3,1,4,87.1,92.8,7,78.4,1,10.84
6.52,89.0,1,5,70.7,71.1,8,52.1,1,9.52
9.14,75.3,2,5,88.4,91.4,7,63.8,1,14.28
6.3,69.4,1,1,64.7,67.5,2,68.8,0,
6.96,79.4,1,1,60.5,69.3,0,51.5,1,6.56
6.83,55.3,1,3,87.8,41.6,6,42.3,1,9.96
7.34,67.3,1,3,49.0,56.8,6,78.9,1,6.3
9.41,99.1,1,3,73.0,64.8,1,67.6,1,11.33
6.82,64.5,0,3,70.7,58.5,6,90.3,1,8.86
5.09,79.3,3,2,55.4,60.5,0,55.1,0,
5.96,55.9,0,1,51.9,60.7,3,48.8,0,
6.77,82.3,3,5,92.1,76.5,4,63.2,1,10.59
9.6,72.8,1,0,96.9,57.0,3,60.0,1,12.96
9.08,82.0,0,4,90.8,62.4,6,67.9,1,11.68
7.02,77.1,1,2,66.6,50.5,2,45.1,0,
9.63,67.2,2,4,100.0,76.4,4,59.3,1,14.62
9.49,67.6,1,3,72.3,67.0,5,95.0,1,12.14
8.83,70.3,2,5,97.3,81.5,8,58.9,1,13.09
8.46,77.0,2,5,68.5,72.4,7,69.3,1,12.04
6.47,81.2,1,4,88.4,41.3,8,93.5,1,10.74
6.3,66.3,0,1,52.2,77.8,2,66.3,1,6.59
8.65,81.9,3,1,92.3,67.6,4,79.5,1,12.06
6.32,98.8,1,5,88.3,55.9,7,60.8,1,9.17
6.64,98.4,0,3,81.9,65.6,7,63.5,1,9.43
5.26,61.7,1,2,63.6,61.3,8,56.5,0,
8.8,65.2,1,3,92.1,66.2,6,63.5,1,10.24
9.55,64.4,0,5,82.3,81.3,8,76.5,1,12.62
7.16,81.7,0,1,63.8,73.4,7,70.5,1,7.91
7.83,91.2,0,0,89.0,52.1,4,60.5,1,8.66
5.8,68.8,1,4,77.0,53.6,7,50.2,0,
9.52,77.5,1,0,59.1,60.7,5,69.9,1,10.61
9.13,81.4,0,5,100.0,78.8,2,56.4,1,13.04
9.4,63.2,1,5,100.0,46.9,7,65.4,1,11.83
6.58,86.2,0,3,47.3,67.7,7,46.3,1,7.91
5.56,89.8,2,0,43.7,46.7,6,69.9,0,
7.99,77.4,1,0,73.3,81.3,4,48.8,1,11.91
7.92,65.8,0,4,100.0,78.9,3,66.7,1,11.02
7.21,60.3,2,3,81.6,61.1,4,51.0,1,8.79
5.69,63.6,1,5,70.1,74.7,4,40.3,1,6.12
6.63,90.4,0,0,57.3,71.6,7,69.2,0,
7.32,70.0,2,3,63.1,68.0,3,72.1,1,7.91
6.97,69.3,1,3,86.6,51.6,2,73.5,1,9.43
7.41,81.6,2,3,95.2,79.8,0,61.5,1,10.67
7.25,98.6,0,5,73.0,61.4,5,65.9,1,7.64
6.82,69.2,1,3,72.0,61.1,1,63.0,1,8.7
5.43,99.0,2,5,74.4,66.0,4,46.4,1,8.44
8.82,68.2,1,1,78.2,82.6,2,71.6,1,12.09
6.16,96.1,0,3,53.0,52.7,0,48.5,1,6.17
6.38,79.6,0,2,73.7,60.8,6,54.7,0,
6.45,100.0,2,0,59.4,76.1,4,69.8,1,9.58
6.32,80.5,1,5,69.8,85.1,7,54.9,1,7.01
8.72,65.4,2,1,66.1,59.3,2,50.9,1,9.88
7.12,81.1,1,0,54.6,72.7,6,56.7,1,8.45
7.59,98.7,1,2,76.6,58.9,7,74.2,1,11.02
7.25,58.4,2,1,51.0,76.3,6,48.2,1,8.25
6.76,90.6,0,4,80.5,70.4,4,41.8,1,9.66
6.12,56.1,2,4,65.7,53.4,1,73.0,0,
8.37,84.2,0,0,61.5,78.3,7,64.1,1,9.65
7.58,72.5,1,5,76.1,53.4,2,77.5,1,11.16
9.51,67.6,1,1,68.2,48.8,5,82.3,1,11.87
7.61,99.0,1,3,70.2,94.9,7,71.4,1,8.13
5.24,70.0,3,4,37.1,62.7,8,76.7,1,8.05
9.17,69.8,0,4,100.0,73.1,2,85.6,1,12.55
9.16,60.9,1,1,74.6,71.0,4,69.5,1,11.63
7.53,88.6,1,2,66.0,65.7,8,67.1,1,8.83
8.16,68.6,1,0,44.1,80.3,6,71.8,1,8.97
8.42,75.0,2,2,74.5,67.1,4,56.4,1,10.63
7.87,68.3,1,3,65.7,81.4,8,76.4,1,9.26
7.17,65.3,0,3,56.6,75.3,5,46.8,1,8.0
9.43,58.0,2,0,83.9,57.2,5,79.9,1,10.13
7.82,80.3,0,0,47.1,79.2,6,78.2,0,
9.65,82.0,1,4,85.6,74.3,7,73.5,1,13.49
8.66,80.8,2,4,76.1,90.7,8,65.1,1,12.62
8.98,67.0,0,5,93.0,47.2,5,94.1,1,10.73
5.68,83.5,0,5,62.8,48.2,7,54.5,0,
8.46,90.0,1,0,81.9,74.6,0,63.2,1,9.42
8.18,76.9,1,2,79.3,81.6,5,57.9,1,9.99
8.2,57.0,1,4,69.9,75.8,3,69.5,1,8.77
6.39,60.4,1,3,72.0,71.2,3,36.8,1,8.76
9.14,56.9,0,0,72.6,81.9,6,58.6,1,9.11
5.55,55.9,0,4,46.1,62.4,5,75.9,0,
6.17,81.5,1,3,78.8,47.4,3,55.0,1,7.66
7.45,95.8,0,5,79.8,81.1,2,59.3,1,10.95
5.95,82.1,2,5,95.9,72.1,7,42.7,1,8.44
9.23,83.9,3,2,74.9,83.1,2,58.2,1,12.96
8.03,90.8,1,2,64.9,67.7,7,77.3,1,9.32
9.69,59.1,1,3,100.0,61.2,0,76.3,1,13.57
8.13,69.5,1,1,85.6,65.4,5,71.5,1,10.01
8.4,99.6,1,4,81.1,75.4,4,77.3,1,12.74
8.26,57.4,1,2,81.7,71.0,6,62.9,1,9.15
9.19,70.0,1,1,58.6,81.0,6,65.6,1,11.98
5.41,80.2,1,2,63.8,42.5,8,70.5,1,6.32
6.48,97.8,0,3,67.2,80.0,2,100.0,1,9.28
5.49,89.7,2,4,74.0,60.3,2,50.3,1,9.09
8.0,95.6,1,0,85.7,54.0,3,75.6,1,9.3
8.61,90.3,0,1,68.3,89.1,7,74.9,1,9.34
7.11,89.6,2,4,60.7,36.2,3,57.1,1,8.56
6.2,83.9,2,4,85.7,53.8,8,64.6,1,9.45
9.35,61.6,1,1,71.9,82.7,0,48.6,1,11.89
6.8,72.4,0,1,90.9,67.7,5,62.9,1,8.07
8.34,61.2,1,3,100.0,51.5,0,50.1,1,13.61
7.63,87.7,1,0,67.9,58.5,1,76.5,1,9.03
5.53,95.7,1,0,38.9,48.4,2,44.5,0,
6.69,80.7,0,5,75.5,88.4,1,77.4,1,9.01
8.77,77.8,0,3,94.8,74.0,5,69.0,1,11.75
8.52,83.3,2,5,76.9,70.3,5,61.7,1,11.41
5.84,90.1,1,5,61.3,60.3,2,76.5,1,7.12
5.21,64.0,0,2,58.1,30.0,8,51.4,0,
8.11,67.9,2,0,70.3,75.0,1,58.4,1,8.73
6.92,74.8,3,2,81.3,61.6,7,47.3,1,9.88
7.04,74.4,3,1,70.2,54.9,1,59.2,1,10.16
7.14,87.3,0,3,69.9,67.2,5,52.9,1,7.44
5.28,85.2,1,4,45.6,62.4,0,37.9,0,
8.75,56.6,0,5,100.0,63.8,0,77.8,1,10.98
9.55,71.7,2,4,99.3,82.2,5,66.8,1,15.27
7.4,72.4,1,2,83.6,68.3,3,45.1,1,9.7
9.4,77.1,0,0,54.3,80.6,7,93.5,1,13.38
8.21,86.9,1,2,69.3,85.5,2,52.1,1,8.95
5.58,64.0,0,3,76.1,60.6,5,25.0,0,
5.62,94.8,0,3,80.5,58.4,8,46.0,1,6.89
6.52,58.3,1,4,67.8,49.5,8,80.5,1,7.98
9.64,74.5,2,0,87.6,63.0,4,78.0,1,11.7
9.52,95.3,2,2,74.9,83.2,4,100.0,1,13.04
7.56,77.6,0,4,87.9,79.5,5,72.7,1,10.49
5.22,83.9,1,5,62.0,60.4,0,70.0,0,
6.39,98.0,1,5,72.9,51.5,0,66.9,1,9.98
7.23,70.3,0,5,63.5,94.6,5,69.2,1,8.62
6.53,76.0,0,1,72.9,64.4,6,63.1,1,6.68
9.62,95.6,2,4,90.9,67.5,2,58.1,1,12.31
5.11,97.5,1,1,51.9,58.7,0,65.4,0,
9.05,85.3,0,0,92.2,78.9,4,59.8,1,8.84
6.76,73.0,1,1,56.9,69.9,6,40.6,1,7.17
8.27,60.3,3,3,100.0,46.5,8,92.3,1,11.33
5.96,77.9,1,0,73.1,64.1,7,51.1,0,
9.29,61.3,2,2,100.0,100.0,4,59.3,1,11.81
7.7,76.4,0,2,72.1,52.6,4,35.0,1,7.1
8.3,56.2,1,5,90.4,50.6,3,64.4,1,12.35
7.97,92.9,0,5,98.6,68.6,1,81.5,1,12.5
7.01,73.6,0,4,78.3,39.6,0,58.1,0,
7.69,99.9,1,3,72.9,73.0,8,58.6,1,10.29
8.09,86.2,1,1,53.6,76.9,4,63.8,1,12.41
6.43,68.0,0,5,59.3,62.6,8,79.3,1,8.13
8.25,72.1,3,2,82.8,88.1,4,60.9,1,12.56
5.38,96.6,1,5,57.7,58.5,8,53.5,1,7.37
8.56,65.8,0,4,90.6,71.5,1,76.9,1,12.37
5.48,89.7,0,4,70.3,57.0,7,48.0,1,8.25
8.1,95.9,0,4,79.3,70.4,0,85.9,1,10.1
9.23,62.9,2,3,88.4,66.1,4,72.1,1,12.01
9.72,67.8,3,4,90.7,52.1,2,69.0,1,12.58
5.93,60.1,0,3,52.1,45.7,0,55.9,0,
7.73,89.1,0,5,100.0,54.5,8,59.2,1,13.69
7.29,97.1,0,3,92.2,66.8,5,83.2,1,11.55
5.05,84.4,1,0,41.7,45.5,2,42.5,0,
9.3,86.7,0,0,59.7,53.2,5,64.9,1,10.06
8.59,82.3,1,4,90.3,86.2,3,57.8,1,10.27
7.86,90.4,1,4,78.6,63.2,1,79.4,1,8.99
5.72,69.8,1,0,52.5,51.5,7,39.6,0,
8.88,75.4,1,3,91.9,58.6,4,63.5,1,10.53
8.92,88.6,1,0,58.9,79.6,8,97.7,1,12.56
5.15,73.4,2,5,75.8,72.3,6,52.3,0,
7.15,96.3,1,0,81.0,58.0,8,46.5,1,10.38
5.57,99.7,1,1,53.8,50.5,0,57.6,0,
7.22,87.4,1,3,76.6,57.5,5,67.2,1,10.87
5.15,84.7,1,0,34.6,56.8,0,59.1,0,
9.19,66.0,0,3,92.2,73.5,0,79.1,1,14.76
6.12,96.2,1,4,53.2,51.0,5,60.5,1,9.1
6.99,67.4,1,4,72.6,81.6,6,43.8,1,9.58
6.65,83.9,1,4,66.3,73.0,2,58.2,1,8.13
6.08,93.6,0,3,62.5,72.5,6,50.4,1,7.28
6.17,64.2,1,3,68.2,56.7,3,69.8,1,7.75
5.35,91.2,1,5,63.4,45.7,5,50.4,0,
6.02,63.6,1,5,95.0,72.6,3,58.0,1,7.87
6.9,65.8,0,2,56.5,72.9,5,57.5,1,8.86
8.85,87.5,2,2,71.9,80.5,6,63.5,1,12.15
8.56,55.7,1,4,74.0,64.8,2,71.1,1,10.33
7.64,97.5,0,3,71.7,82.0,7,61.0,1,10.09
6.69,61.3,1,1,75.8,55.9,0,38.1,0,
5.36,91.8,0,0,30.9,68.5,3,61.7,0,
6.05,75.5,0,5,62.1,47.0,7,57.0,1,6.47
5.08,87.5,1,2,52.1,76.4,6,56.7,0,
5.51,59.3,0,1,29.9,51.9,5,49.8,0,
6.79,73.3,1,5,87.5,65.7,1,79.2,1,8.13
8.65,59.2,1,4,68.7,73.0,2,88.7,1,10.52
9.69,98.8,2,0,72.3,77.8,7,98.4,1,14.42
8.29,67.6,1,5,100.0,74.3,5,75.3,1,13.59
8.94,96.8,0,4,100.0,73.0,6,92.5,1,10.79
6.84,88.3,2,5,73.6,50.6,5,73.5,1,10.45
8.69,98.0,1,2,70.5,79.4,7,70.5,1,10.85
9.52,74.4,1,5,79.6,87.0,4,77.7,1,13.59
8.42,83.5,1,2,81.4,66.6,4,71.7,1,11.38
5.49,58.9,1,4,51.9,54.2,0,68.9,0,
7.87,90.3,2,0,65.0,78.0,1,63.1,1,10.45
7.5,85.8,0,2,71.1,62.0,1,77.3,1,9.68
6.44,90.2,1,1,58.5,49.1,3,53.5,0,
5.03,72.8,2,3,60.8,46.8,5,33.9,0,
8.12,81.7,0,4,89.4,66.1,5,71.8,1,9.97
8.04,98.5,2,2,93.0,53.7,6,81.7,1,13.04
5.96,99.9,0,4,85.8,62.8,3,48.6,1,7.57
8.82,73.4,1,5,69.0,68.5,2,77.9,1,9.54
5.36,99.6,1,3,32.9,52.1,6,35.0,0,
6.73,95.3,1,5,80.1,60.2,3,54.8,1,9.46
9.72,85.5,1,2,84.2,86.3,0,70.2,1,12.94
8.58,80.1,1,1,64.8,74.0,8,92.7,1,9.09
9.42,58.9,2,5,95.0,79.7,7,79.7,1,12.34
6.67,59.4,1,3,64.4,71.1,1,71.6,1,10.29
9.46,88.3,1,4,100.0,81.4,7,84.8,1,14.47
5.89,83.8,1,0,52.3,36.8,7,47.6,0,
8.38,64.3,2,0,52.6,60.3,8,71.6,1,8.49
9.14,78.7,1,4,91.4,64.2,1,78.3,1,14.25
7.96,91.6,1,2,88.7,60.7,2,62.4,1,11.23
5.68,72.5,1,4,72.5,53.5,8,61.9,1,6.28
9.8,80.0,1,1,93.5,94.7,0,92.8,1,11.9
6.84,80.3,1,3,70.6,58.8,7,50.0,1,8.87
5.15,89.2,0,2,56.6,65.6,7,35.7,0,
7.38,78.0,1,2,74.2,45.3,5,44.0,1,9.11
6.05,74.1,1,5,57.4,60.3,0,48.1,0,
8.92,74.8,3,1,81.9,76.2,5,88.7,1,10.71
7.06,82.7,2,1,70.7,50.8,8,59.3,1,7.96
6.39,67.0,2,5,89.5,63.9,6,53.6,1,8.32
9.16,60.7,2,1,86.5,80.4,3,71.9,1,10.43
6.29,73.6,1,5,73.1,66.4,6,39.4,1,8.96
9.49,71.6,3,2,64.4,63.0,1,70.4,1,11.48
5.3,79.0,0,3,49.4,63.0,5,42.7,0,
7.77,80.5,1,2,63.8,81.8,0,52.5,1,10.85
7.21,60.6,2,3,36.6,74.0,6,68.2,1,9.89
5.76,97.0,0,5,81.1,56.1,2,60.9,1,8.72
8.48,89.0,1,0,72.2,69.4,7,82.1,1,8.58
5.04,70.5,0,3,55.7,51.8,3,41.3,0,
5.49,69.1,2,1,67.5,43.0,2,70.7,0,
5.33,80.3,1,1,39.3,40.9,2,62.4,0,
7.12,64.8,2,1,57.8,64.7,6,46.5,1,9.64
8.8,66.2,1,1,62.3,66.3,4,72.5,1,11.13
6.45,78.3,1,5,58.8,49.5,3,70.7,1,8.49
7.4,81.7,1,0,92.7,63.5,2,46.2,1,8.04
5.83,76.2,3,0,61.0,63.4,4,57.8,1,10.16
9.55,72.9,0,5,82.4,74.1,6,85.1,1,11.75
6.49,78.0,0,1,55.0,51.3,1,57.3,0,
9.58,65.7,0,3,100.0,85.6,0,83.3,1,14.53
8.56,60.4,1,5,100.0,71.2,5,47.5,1,12.32
5.61,90.2,0,0,45.1,58.8,6,53.5,0,
8.42,80.9,0,3,85.3,66.0,2,67.4,1,11.35
5.49,80.8,1,1,54.4,57.2,0,56.4,0,
6.84,61.8,2,0,35.8,55.4,6,62.8,1,8.03
8.96,80.7,0,5,85.4,77.5,8,65.5,1,11.66
5.33,75.9,0,2,49.2,69.7,0,48.5,0,
8.77,88.3,0,2,68.7,64.1,3,67.4,1,10.32
9.48,56.1,1,5,87.8,85.9,5,51.1,1,13.23
9.08,87.7,0,4,100.0,71.1,0,76.9,1,12.18
6.11,93.0,1,2,65.3,42.8,1,63.6,0,
6.89,81.6,0,5,75.6,71.4,4,59.6,1,7.2
6.89,92.4,0,3,69.6,67.9,3,75.1,1,8.98
7.16,69.1,0,2,72.7,72.0,4,60.8,0,
5.43,91.3,0,5,71.4,56.7,5,52.5,1,9.02
9.65,72.8,0,2,84.2,100.0,0,95.1,1,10.71
5.45,59.6,2,0,45.9,78.5,3,57.5,0,
6.79,83.4,1,4,88.9,42.1,1,47.4,1,9.53
9.33,75.0,0,2,100.0,91.6,0,79.0,1,12.74
5.14,85.7,0,1,41.1,64.0,7,49.3,0,
7.97,66.1,0,3,75.7,77.2,1,56.7,1,10.67
5.96,94.8,1,5,84.7,59.3,0,78.7,1,8.06
7.33,96.1,1,3,85.0,65.0,3,66.1,1,10.35
6.35,91.4,1,2,68.5,30.0,2,73.6,1,7.29
9.4,57.5,3,1,100.0,45.8,6,56.0,1,14.47
9.06,62.9,1,5,82.8,49.2,0,67.0,1,11.44
9.55,92.7,2,3,86.1,67.6,0,70.2,1,13.27
6.05,78.7,0,4,69.3,65.7,2,78.4,0,
6.55,56.0,1,1,65.4,41.2,5,71.5,0,
9.52,72.8,0,2,71.2,100.0,6,80.0,1,11.1
9.65,86.2,2,2,80.6,77.1,2,88.4,1,13.91
6.41,63.0,0,5,84.2,58.2,0,64.0,1,9.6
8.07,59.7,1,2,60.1,68.0,5,57.4,1,11.77
5.43,86.9,1,2,48.1,60.6,3,51.8,0,
8.78,87.4,0,3,80.0,42.3,6,57.4,1,9.97
7.3,93.9,1,5,77.5,67.0,0,76.2,1,11.29
9.57,58.3,0,3,91.5,78.0,1,54.0,1,13.74
7.07,84.4,1,3,59.8,67.1,3,66.9,1,8.63
7.66,96.7,1,5,79.9,74.6,0,52.8,1,10.46
5.02,58.9,2,5,63.4,50.1,0,49.4,0,
9.69,76.3,0,3,100.0,51.8,4,77.4,1,13.12
5.89,94.8,1,3,75.6,62.8,4,59.0,1,9.93
8.2,58.9,0,4,90.0,52.9,3,77.2,1,9.94
8.93,73.8,1,3,76.6,68.2,4,92.5,1,11.07
9.32,91.0,1,4,76.4,89.4,7,94.7,1,15.46
9.67,91.4,0,3,100.0,82.6,3,89.5,1,13.21
9.37,96.1,0,3,79.6,60.4,4,66.2,1,11.05
5.06,86.5,1,3,62.6,60.3,1,68.0,0,
5.48,67.9,1,2,64.1,51.9,7,43.7,0,
5.83,73.1,1,5,67.6,56.4,5,55.9,1,7.3
6.79,70.2,2,2,68.0,60.7,1,74.9,1,8.72
6.44,88.5,2,2,62.6,73.1,1,62.9,1,9.38
8.65,94.0,2,4,67.9,71.6,8,64.3,1,12.78
7.52,80.6,0,1,73.4,59.0,7,74.9,1,8.96
7.23,72.9,2,5,89.5,75.3,7,65.1,1,13.38
7.82,70.7,0,2,73.6,50.5,4,69.1,1,10.36
6.03,65.0,0,1,41.6,58.8,0,70.3,0,
8.27,76.3,0,1,50.3,67.9,4,66.2,0,
8.42,86.9,0,3,62.9,76.9,3,57.0,1,10.42
8.96,72.9,0,4,100.0,71.7,5,54.9,1,11.76
7.31,70.1,0,2,88.0,70.8,4,56.1,1,10.71
6.15,57.6,2,4,59.4,66.1,2,55.5,0,
9.79,66.7,1,3,89.2,60.7,3,62.7,1,11.95
7.28,97.3,1,2,54.2,77.0,8,44.1,1,9.19
5.61,66.6,2,1,79.6,50.7,1,57.9,0,
9.18,73.9,2,2,82.6,81.9,1,47.1,1,9.71
5.34,95.0,1,5,50.9,50.5,0,62.2,1,6.55
9.76,70.4,3,3,100.0,92.2,2,75.5,1,13.82
8.05,55.2,0,1,66.9,62.5,1,62.9,1,9.91
7.06,74.3,1,0,70.2,66.0,5,86.3,1,8.32
5.09,55.2,1,1,36.9,52.8,2,44.0,0,
6.47,57.9,0,2,72.8,49.1,8,63.9,0,
9.78,70.4,2,2,100.0,75.1,6,65.9,1,13.45
9.73,64.5,0,4,98.7,84.1,0,60.8,1,13.31
7.85,57.2,0,0,51.3,72.6,7,67.2,0,
7.28,61.9,1,5,89.3,76.6,1,63.9,1,10.01
7.91,61.2,2,0,51.8,66.5,4,69.9,1,9.22
6.26,78.5,0,5,79.4,55.6,8,62.9,1,8.65
9.48,69.9,0,5,99.3,76.7,7,75.0,1,11.11
5.49,66.5,0,2,56.0,57.6,2,59.8,0,
6.73,85.5,1,0,43.4,78.3,0,72.3,1,7.2
8.11,69.8,2,4,79.5,86.2,5,69.5,1,9.15
6.3,72.4,2,3,84.0,49.5,1,42.0,1,10.48
9.71,93.0,0,4,77.5,76.4,7,77.7,1,12.02
8.29,92.7,3,1,76.3,56.5,6,68.6,1,10.98
8.14,55.6,2,4,83.7,54.2,3,84.3,1,10.57
8.36,59.3,1,1,86.9,53.3,6,69.4,1,12.12
9.28,82.6,0,1,67.5,72.7,7,74.3,1,9.56
9.66,57.3,0,5,96.1,60.0,1,87.9,1,13.4
7.15,93.5,1,0,82.7,62.4,0,72.5,1,8.72
5.44,82.2,1,2,57.0,68.7,7,45.9,1,6.39
5.26,65.0,1,4,63.6,42.2,5,53.8,0,
8.64,65.0,0,5,98.2,68.5,8,64.6,1,13.1
8.94,88.4,1,2,73.1,66.3,6,64.8,1,13.13
5.91,70.2,2,0,74.9,50.3,1,59.5,0,
8.16,98.0,0,3,98.7,69.1,8,87.7,1,9.49
9.42,63.0,1,5,95.5,75.7,5,66.5,1,13.24
9.7,96.2,2,2,78.1,80.8,4,66.7,1,10.99
8.59,68.5,1,2,88.8,64.2,3,41.1,1,12.69
6.39,70.5,1,5,55.0,39.1,8,43.1,1,7.62
7.7,81.2,2,5,62.2,50.9,8,74.7,1,12.64
8.88,78.5,0,1,82.0,72.7,4,69.5,1,10.33
9.03,86.1,0,4,97.1,91.9,1,74.6,1,11.21
7.7,65.1,1,3,77.5,86.0,4,63.5,1,9.47
8.78,85.8,3,0,82.9,79.5,7,69.9,1,9.3
8.38,84.1,2,4,83.1,62.3,3,65.5,1,11.37
5.83,78.1,1,3,55.8,57.8,2,66.6,0,
6.59,86.9,0,1,57.5,75.7,4,53.3,0,
6.72,90.3,0,1,64.0,75.7,8,57.0,1,8.95
6.94,70.7,2,5,71.0,72.8,3,77.6,1,8.69
8.61,84.2,0,2,81.7,48.0,3,77.1,1,9.71
6.54,96.2,2,3,67.0,79.8,0,79.1,1,7.63
7.14,57.0,2,1,81.3,62.6,1,67.1,1,12.04
7.58,55.3,0,5,75.4,60.8,6,68.5,1,11.13
8.56,74.6,2,0,51.2,70.1,7,61.3,1,9.36
5.35,63.0,0,0,42.8,53.8,4,44.4,0,
6.94,69.2,1,0,44.8,60.3,1,62.4,0,
8.36,58.3,2,0,67.0,85.7,1,62.0,1,8.62
5.15,62.0,0,5,79.2,41.4,8,68.2,0,
6.43,94.9,3,5,89.4,45.2,0,35.6,1,9.85
5.59,55.2,1,4,59.3,57.0,3,56.1,0,
6.65,73.6,1,4,76.3,68.1,4,63.2,1,9.99
9.09,97.0,3,3,63.3,69.7,1,66.7,1,12.8
7.79,97.8,1,5,79.4,63.0,1,73.7,1,9.22
6.47,81.3,1,2,69.4,71.7,2,31.6,1,8.33
6.06,88.3,1,2,74.4,73.6,7,47.2,1,7.55
5.84,82.3,2,1,71.2,65.0,1,52.4,0,
9.08,83.4,2,4,63.5,60.2,0,79.3,1,11.23
9.79,76.2,2,2,67.8,89.7,4,82.6,1,13.41
5.05,65.7,3,4,66.5,48.8,2,35.7,0,
9.55,84.7,3,5,97.3,71.3,0,44.0,1,15.66
5.3,71.6,0,1,32.0,55.0,6,42.2,0,
5.22,99.1,0,5,81.2,53.8,4,59.6,0,
7.61,62.8,1,2,50.4,54.1,1,52.8,1,9.77
6.69,94.0,1,3,60.9,63.7,2,59.9,1,8.73
7.47,67.6,0,1,55.9,79.2,1,57.3,0,
6.59,60.1,1,3,69.9,68.7,6,63.9,1,8.06
8.02,56.8,1,0,66.0,80.6,8,89.6,1,8.92
7.71,55.8,1,5,94.6,42.8,3,29.1,1,11.44
8.99,82.0,2,1,73.5,62.6,2,59.9,1,10.02
7.18,81.6,0,3,73.7,66.2,8,71.8,1,8.36
5.46,76.4,1,0,54.5,67.6,1,45.6,0,
9.33,79.3,0,5,100.0,65.4,5,59.6,1,11.41
7.06,97.2,1,3,58.6,80.3,1,54.0,1,9.23
5.4,81.9,1,2,30.6,64.1,0,73.1,0,
5.03,84.5,1,2,51.4,51.7,6,57.2,0,
9.1,74.1,1,2,75.2,83.5,3,69.8,1,12.53
7.32,71.7,1,2,86.0,64.2,6,61.2,1,8.58
7.14,86.5,0,1,49.2,45.3,8,61.5,0,
5.25,72.5,1,0,37.8,62.5,6,42.9,0,
6.78,82.4,1,3,74.4,53.1,0,51.6,1,8.08
8.07,74.8,0,5,97.6,62.7,3,82.2,1,10.41
5.81,56.6,0,0,52.8,63.9,4,56.5,0,
6.9,81.4,1,5,65.3,56.5,8,35.8,1,11.48
9.39,70.7,3,2,89.3,100.0,7,85.8,1,13.3
5.51,58.3,0,0,63.8,67.0,8,27.6,0,
8.33,98.5,1,1,59.8,70.6,7,36.8,1,7.27
9.14,76.7,0,3,60.3,46.3,3,74.4,1,9.36
8.36,66.9,0,3,92.4,60.0,1,47.7,1,10.51
6.51,64.8,1,1,78.8,56.6,3,52.0,0,
8.53,94.3,0,1,87.3,52.1,5,71.3,1,11.62
8.18,82.6,2,4,73.6,89.3,5,60.6,1,10.59
9.73,95.4,2,3,98.5,92.0,8,71.3,1,13.44
8.84,76.5,1,4,85.0,58.8,2,88.9,1,11.9
7.49,69.2,0,5,84.3,80.0,5,48.6,1,10.83
6.29,98.1,0,1,68.7,53.6,5,59.2,0,
7.16,80.7,3,5,87.2,65.3,4,68.1,1,9.91
9.11,63.8,2,5,100.0,88.5,2,64.8,1,15.07
7.56,69.2,1,2,61.4,53.1,6,58.3,1,9.3
6.03,66.4,2,0,44.9,63.2,5,48.3,0,
8.89,70.5,1,2,100.0,50.6,3,54.2,1,8.35
6.37,69.6,1,5,64.6,57.3,4,61.1,0,
9.17,83.8,2,3,93.0,63.0,1,59.2,1,13.1
6.5,84.4,1,4,64.6,55.1,7,65.5,0,
8.59,78.4,1,1,77.2,72.5,3,53.4,1,10.36
5.8,59.6,0,3,57.9,56.8,6,56.4,0,
5.5,82.8,0,3,54.5,55.0,4,64.4,0,
7.53,62.7,0,2,73.9,72.4,7,55.9,0,
9.49,79.7,0,5,99.4,59.7,7,68.0,1,11.54
7.71,78.6,1,2,84.5,60.0,3,69.2,1,9.33
6.46,55.0,2,1,68.2,55.0,0,71.1,0,
8.63,68.5,2,2,66.5,54.4,8,56.3,1,11.54
7.69,72.8,0,5,68.1,50.4,3,63.7,1,9.8
9.37,91.3,1,2,100.0,65.4,4,59.6,1,13.54
5.88,68.0,1,4,48.3,64.5,7,58.4,1,8.85
5.89,59.6,0,5,73.8,58.3,1,58.1,1,9.23
6.64,69.0,2,2,44.8,67.0,5,78.1,1,8.57
6.88,79.4,0,2,74.7,72.0,1,41.0,1,8.17
6.85,98.9,0,0,67.1,80.4,1,27.7,0,
7.27,85.7,0,2,80.4,80.0,8,54.0,1,8.68
9.26,93.9,0,0,71.7,74.1,0,83.8,1,11.13
5.57,90.5,0,0,35.9,50.1,2,52.7,0,
5.76,59.1,1,5,78.8,62.8,2,50.6,0,
5.6,65.5,3,5,68.1,38.5,7,56.1,1,7.26
6.2,56.8,1,4,81.8,56.1,3,76.6,0,
6.55,76.1,2,4,64.7,74.2,1,52.4,1,9.05
8.93,79.4,1,5,71.0,71.1,0,61.4,1,11.06
5.3,98.5,2,1,45.9,44.4,8,53.1,0,
6.97,69.5,0,5,84.9,83.0,2,71.2,1,10.26
5.51,63.6,0,5,75.6,44.2,8,44.6,0,
5.24,64.9,1,0,57.1,53.8,7,75.4,0,
7.25,83.8,1,5,90.3,60.7,5,64.1,1,9.49
8.52,92.6,0,1,65.8,74.9,3,66.8,1,9.47
7.53,66.2,1,1,54.4,61.1,1,65.7,0,
8.24,86.6,1,0,74.5,75.0,6,49.4,1,8.2
9.48,95.6,1,2,81.9,80.3,6,61.7,1,11.08
6.16,79.6,1,4,76.3,56.9,7,47.2,1,8.08
7.86,78.3,3,2,40.2,99.1,3,66.9,1,9.85
8.95,86.0,0,4,72.1,70.8,2,80.9,1,11.66
9.27,66.2,0,2,91.7,82.4,3,77.7,1,9.81
8.81,62.8,2,5,83.2,51.8,1,60.9,1,12.1
5.38,57.5,2,2,41.0,66.1,1,46.7,0,
8.13,82.1,0,5,78.6,61.6,0,73.4,1,12.07
6.57,86.4,0,5,72.6,51.4,7,60.6,1,9.74
8.77,61.7,0,3,90.2,67.9,6,67.4,1,12.44
7.09,86.4,2,3,58.7,59.7,3,25.0,1,8.26
6.28,74.4,1,4,67.6,75.0,6,68.7,1,9.27
6.65,84.5,2,1,79.1,61.4,7,51.4,1,9.6
8.29,62.0,1,0,67.0,72.0,2,69.8,1,7.9
5.07,86.2,0,3,46.9,58.1,8,57.9,0,
8.6,79.7,1,1,70.2,55.0,6,53.0,1,10.72
6.36,90.5,1,0,59.5,35.6,1,65.8,0,
9.09,84.7,2,0,82.8,66.3,6,94.4,1,12.45
9.69,59.5,0,4,85.3,73.4,8,87.8,1,12.33
9.43,68.7,1,5,90.7,79.3,5,81.0,1,13.97
9.78,99.0,0,0,64.1,59.1,0,100.0,1,10.52
6.89,61.2,1,4,84.1,78.2,3,57.5,1,10.73
7.05,69.1,1,3,63.5,62.2,2,46.3,1,9.05
8.3,95.4,2,3,86.4,99.2,2,66.3,1,10.69
5.76,58.1,1,5,76.0,65.6,2,54.1,0,
9.22,73.6,1,3,85.9,52.5,4,75.4,1,11.96
9.73,82.8,1,4,95.1,75.9,0,81.6,1,14.7
7.29,77.6,1,5,74.5,59.5,6,56.6,1,10.16
8.67,55.7,0,3,85.6,73.5,3,86.3,1,10.61
9.45,99.4,2,3,79.0,53.4,3,53.1,1,10.5
8.46,72.7,2,4,70.2,58.7,0,59.7,1,11.1
8.97,56.9,3,4,54.3,64.4,0,56.4,1,11.52
6.4,72.9,0,2,61.0,50.4,0,62.6,0,
7.23,84.1,0,4,51.5,79.4,8,76.5,1,9.67
7.16,63.0,1,5,97.8,50.8,1,62.6,1,12.39
8.45,60.6,0,3,69.4,66.7,6,64.0,1,6.92
7.94,62.2,1,0,71.6,43.7,2,69.3,1,8.95
6.48,87.9,3,2,60.5,58.1,2,55.6,1,8.67
8.67,55.5,1,3,81.4,70.4,7,69.9,1,10.09
5.38,82.0,0,4,64.5,54.8,3,72.1,0,
8.14,56.7,2,5,87.0,55.4,5,58.9,1,11.59
7.0,63.0,1,4,64.1,49.5,8,67.8,1,6.49
5.45,68.5,1,3,46.9,65.7,8,37.5,0,
5.59,93.7,0,3,66.5,41.6,0,53.5,1,7.9
8.02,99.4,1,5,67.4,56.2,4,45.2,1,10.43
7.99,96.7,1,3,93.6,52.5,7,63.9,1,8.43
6.12,68.1,0,0,72.5,62.8,1,57.8,0,
7.95,73.7,0,2,58.8,62.0,0,54.1,0,
6.22,58.1,0,4,67.9,62.0,5,48.4,1,7.77
5.84,69.9,0,5,66.9,47.0,0,59.1,0,
8.01,95.1,1,2,64.2,48.4,0,71.2,1,8.51
8.48,69.2,1,1,65.8,65.3,5,74.2,1,10.48
6.8,79.0,0,4,63.4,51.8,4,71.5,1,7.28
5.15,73.6,1,1,36.4,71.5,4,56.7,0,
5.54,90.3,2,0,49.2,59.0,7,61.9,0,
6.63,76.8,2,2,66.5,56.5,1,72.9,0,
8.25,61.0,1,3,61.5,83.3,1,94.8,1,9.74
5.42,76.0,0,4,48.1,59.5,0,35.9,0,
9.28,69.4,0,2,79.1,54.6,1,67.0,1,11.58
5.55,98.1,1,0,54.9,68.0,5,52.4,1,6.69
5.82,69.0,2,4,51.0,53.8,7,59.5,1,7.53
6.84,58.9,1,5,62.6,55.0,7,53.6,1,9.88
8.22,79.0,3,3,62.3,64.5,7,64.7,1,11.57
8.09,89.5,1,1,88.4,86.7,4,76.6,1,10.04
8.79,94.7,1,0,57.7,76.1,7,71.5,1,9.97
8.69,82.2,0,0,58.1,80.5,1,60.8,1,9.71
6.92,73.6,1,4,59.2,70.5,1,73.3,1,10.85
7.84,90.3,1,2,65.4,65.1,1,64.1,1,9.8
7.86,69.6,0,3,72.0,79.7,1,92.3,1,8.76
7.86,91.9,0,5,80.2,63.4,2,85.1,1,10.45
5.7,61.7,1,3,61.7,49.8,3,48.1,0,
7.74,96.1,0,3,66.7,62.0,1,38.9,1,8.42
7.45,93.1,2,0,54.8,76.0,0,79.2,1,9.3
6.35,56.4,1,4,68.7,53.8,6,65.9,0,
6.01,62.8,0,4,74.2,41.3,6,76.1,1,11.1
8.22,61.0,0,0,86.0,86.9,6,73.3,1,11.31
9.13,95.2,1,3,100.0,63.9,6,61.3,1,11.92
6.71,63.4,1,4,52.5,63.0,8,57.5,1,8.15
5.18,76.7,1,4,59.8,40.0,2,56.8,0,
9.12,88.8,0,4,74.3,92.9,1,82.4,1,13.41
8.19,85.1,1,4,85.4,59.7,0,79.0,1,12.4
9.35,80.8,0,2,85.3,92.5,4,66.1,1,13.35
7.87,68.7,2,2,86.7,72.2,2,49.7,1,10.32
5.13,76.8,0,0,67.9,61.8,2,46.7,0,
6.23,88.4,1,4,62.2,59.8,5,41.4,1,7.34
8.36,76.8,2,0,68.7,73.3,2,49.1,1,11.18
6.98,72.2,1,5,59.8,59.0,5,55.6,1,9.52
8.93,57.4,1,3,78.2,89.0,8,71.6,1,11.03
7.55,74.6,0,3,80.8,59.1,8,71.3,1,9.18
9.41,83.7,3,3,74.5,63.4,4,66.8,1,14.07
6.88,89.8,1,5,86.3,54.6,8,43.4,1,11.53
5.86,79.6,1,0,59.4,59.8,1,53.0,0,
8.48,66.3,0,4,100.0,84.1,3,84.2,1,11.66
9.11,60.8,1,5,85.9,46.1,1,57.8,1,11.3
7.24,97.1,1,2,71.9,48.2,5,62.0,1,8.77
6.87,99.8,0,2,71.3,65.3,3,65.6,1,7.76
7.36,61.5,2,1,63.2,62.0,7,62.2,1,10.42
6.2,75.1,2,1,66.3,60.5,0,58.4,0,
8.36,95.7,1,4,75.4,64.5,7,47.6,1,11.89
8.75,90.3,1,0,60.5,82.2,7,79.8,1,11.02
6.45,57.5,3,5,72.6,73.3,5,67.8,1,10.86
8.68,84.2,0,0,91.0,67.4,4,60.2,1,9.49
5.41,83.5,1,1,45.6,60.1,3,56.2,0,
7.59,68.8,1,3,75.4,68.3,5,63.9,1,10.66
5.21,60.3,2,5,36.3,53.1,8,64.2,1,7.18
5.68,84.4,1,4,63.3,75.1,2,62.0,1,8.06
9.34,91.9,0,4,98.0,86.3,1,83.5,1,12.36
5.97,70.2,2,5,66.9,55.6,8,48.3,1,10.53
8.81,89.4,1,2,89.5,74.6,6,74.9,1,11.96
7.79,61.0,2,5,90.2,52.7,0,51.7,1,11.14
5.03,96.7,1,4,69.6,48.7,7,51.2,0,
8.07,78.5,1,1,69.9,66.3,2,62.9,1,11.53
6.45,73.8,1,1,72.9,71.8,1,69.7,0,
9.74,77.8,1,5,79.9,70.2,3,64.8,1,13.42
9.05,96.0,1,1,77.6,69.3,5,67.4,1,9.86
8.64,56.9,1,4,100.0,79.2,7,87.4,1,12.32
6.13,75.0,1,3,70.6,76.2,5,59.2,1,8.47
6.98,64.0,2,0,70.6,51.5,6,64.4,1,10.6
7.18,72.4,0,5,82.1,74.5,4,64.6,1,9.83
5.66,93.3,1,1,51.7,59.1,4,48.2,0,
8.06,82.5,0,4,68.6,71.1,8,62.2,1,10.35
7.84,92.7,0,5,61.0,77.1,3,58.0,1,11.22
5.72,80.8,0,0,42.9,70.9,8,60.3,0,
7.3,90.9,2,3,76.2,60.6,0,63.3,1,8.84
6.05,71.1,0,0,73.1,61.8,2,51.3,0,
8.59,56.1,1,1,84.7,62.4,5,55.3,1,12.31
6.85,86.1,1,2,67.1,55.6,8,65.7,1,8.0
8.29,82.9,0,0,44.8,66.9,5,71.6,1,7.12
6.75,62.9,1,0,72.7,45.4,2,53.3,0,
5.55,76.5,2,4,62.8,70.0,3,42.7,0,
7.42,74.0,0,2,94.1,58.5,8,75.1,1,8.32
7.55,92.1,2,3,59.2,52.6,1,73.6,1,10.56
5.86,98.1,0,1,63.2,56.7,7,75.7,1,7.12
9.57,56.0,1,5,88.8,72.8,5,55.1,1,13.92
5.11,91.1,2,4,61.8,49.5,5,44.7,0,
7.33,85.0,1,4,58.8,56.5,2,66.8,1,8.59
8.79,65.2,1,2,81.0,67.8,5,62.7,1,10.56
7.57,63.2,0,5,76.2,60.6,2,47.6,1,10.48
9.77,80.9,1,2,93.6,88.0,0,56.3,1,13.64
9.68,79.0,0,0,91.2,64.0,2,80.7,1,10.38
5.75,98.7,1,4,56.1,74.0,7,82.2,1,7.81
8.2,91.0,1,3,41.0,66.0,7,71.8,1,8.95
7.64,68.9,1,1,64.5,68.2,0,58.4,1,6.94
8.68,63.8,0,3,79.3,58.5,8,41.7,1,11.48
7.9,78.0,0,5,78.9,72.4,6,57.7,1,10.35
9.69,94.3,0,5,100.0,88.5,6,60.0,1,12.52
8.87,98.7,1,3,94.3,82.7,1,75.8,1,13.62
6.61,97.0,1,3,67.2,72.0,4,66.9,1,9.45
8.41,89.0,0,1,79.8,61.7,7,89.3,1,10.32
7.68,75.9,0,0,58.0,72.0,7,73.1,1,9.37
6.38,63.1,2,5,72.9,67.1,4,27.7,1,8.68
7.31,74.6,0,5,72.5,48.5,1,66.0,1,10.78
5.08,66.7,1,1,41.1,76.8,2,51.8,0,
6.73,83.6,3,0,56.5,76.0,1,40.5,1,8.7
8.61,79.5,2,5,93.2,73.1,5,59.4,1,13.64
8.95,55.6,1,2,83.9,60.6,2,75.4,1,11.38
9.31,82.6,2,4,97.8,83.1,1,55.6,1,14.82
5.56,60.9,0,2,53.6,67.9,7,68.7,0,
8.67,70.4,1,0,73.5,65.2,2,72.8,1,10.15
5.63,58.5,1,0,58.6,75.3,6,66.2,0,
8.81,78.1,0,0,76.2,74.0,4,67.3,1,8.23
8.76,96.4,0,1,81.8,80.4,1,81.2,1,10.25
6.69,93.5,2,4,87.4,63.5,1,76.3,1,8.24
7.54,87.2,3,1,80.9,58.3,1,88.2,1,11.03
8.35,63.3,1,0,60.5,73.7,6,77.6,1,10.05
6.96,89.3,0,3,75.7,67.6,5,57.5,1,9.86
5.56,67.8,1,2,60.6,50.1,3,35.0,0,
9.11,63.5,0,3,82.5,82.2,0,66.2,1,11.52
5.5,74.7,1,0,60.3,65.5,1,54.6,0,
5.81,71.4,0,1,26.3,40.3,1,58.6,0,
7.4,89.4,2,4,73.8,84.8,6,52.6,1,14.06
7.45,61.6,1,0,54.2,65.7,2,77.9,1,8.47
8.99,77.4,0,1,65.5,83.1,2,64.5,1,10.34
7.5,77.1,1,2,53.9,59.3,4,52.1,0,
7.59,55.8,2,3,69.4,70.4,7,60.2,1,11.28
7.21,56.5,1,2,74.9,60.5,6,75.5,1,8.52
8.24,84.7,1,4,83.1,55.1,2,69.9,1,10.94
7.37,98.7,1,2,71.6,56.5,0,67.1,1,9.67
8.56,56.2,2,2,69.4,61.7,5,76.9,1,11.01
6.17,65.6,0,0,59.9,58.5,4,64.2,0,
7.58,56.7,1,3,51.6,56.5,4,77.7,1,9.95
7.74,69.5,0,3,77.6,80.3,5,75.5,1,9.94
8.2,62.5,0,3,84.5,83.7,1,74.8,1,10.59
9.78,73.1,0,5,100.0,92.0,1,68.1,1,13.08
7.72,78.9,1,2,78.0,51.6,4,54.8,1,9.07
6.99,66.3,1,5,68.0,64.5,0,54.4,1,8.55
5.9,77.5,1,5,78.1,56.3,8,66.1,0,
9.35,97.1,1,0,67.1,71.9,2,72.6,1,10.87
6.97,93.7,2,5,53.8,67.1,4,73.7,1,8.82
7.89,73.3,0,1,92.3,71.0,4,50.6,1,8.24
5.18,62.2,0,2,62.0,58.9,8,45.3,0,
9.63,76.9,0,0,100.0,70.9,1,81.8,1,10.91
6.74,84.6,0,5,80.0,56.2,8,74.3,1,10.57
9.47,66.3,2,1,56.5,58.5,5,59.7,1,12.35
6.87,88.7,0,3,71.2,68.6,3,74.2,1,8.54
7.35,71.9,2,2,86.5,53.4,3,59.5,1,9.43
9.5,71.3,1,2,100.0,77.8,0,81.6,1,14.35
8.79,65.8,1,2,73.9,60.2,1,54.9,1,10.53
7.12,55.4,3,2,60.0,89.0,3,55.5,1,10.5
6.52,91.6,1,0,69.5,61.4,7,64.9,0,
9.04,87.3,2,0,78.5,79.8,8,53.6,1,11.79
8.5,79.6,0,5,91.4,70.6,2,53.5,1,12.43
8.02,69.1,0,1,81.3,68.1,2,85.1,1,8.04
8.8,69.4,1,5,94.6,76.3,5,71.6,1,11.94
9.21,97.5,2,1,84.4,75.2,8,71.2,1,10.56
9.35,98.8,0,5,95.7,70.6,6,65.9,1,13.38
7.72,55.6,1,3,74.1,72.9,3,52.5,1,9.33
9.14,90.2,0,3,76.6,80.4,3,38.8,1,10.96
7.01,73.4,0,2,85.7,72.0,7,60.7,1,8.36
8.28,75.6,0,1,96.4,47.6,6,59.8,1,9.53
6.23,59.3,0,2,43.7,72.2,5,53.2,1,6.65
9.64,81.9,1,0,94.7,75.0,6,68.7,1,9.79
7.69,81.1,0,4,100.0,56.8,7,65.3,1,11.35
7.55,61.4,0,0,79.8,64.5,4,63.8,0,
6.36,94.5,1,2,50.8,60.2,2,43.9,1,7.42
9.09,84.6,2,0,69.8,73.7,2,74.1,1,11.15
8.39,74.6,3,3,91.6,72.2,8,53.6,1,13.66
5.59,59.2,2,1,35.3,67.7,4,39.2,0,
6.02,99.9,0,4,60.3,70.5,3,82.5,1,5.85
9.26,56.2,1,5,100.0,80.4,1,74.6,1,15.3
8.17,75.4,3,4,93.2,63.3,0,57.7,1,9.84
6.56,87.9,1,4,87.4,78.2,4,58.4,1,12.39
6.83,72.9,0,3,82.5,81.5,2,73.8,1,9.92
8.11,97.9,0,2,63.0,69.1,4,79.9,1,8.97
6.76,64.0,1,3,73.5,49.0,6,63.3,1,9.38
6.77,63.4,1,0,71.0,65.6,7,53.4,0,
8.43,96.9,1,5,77.2,68.3,6,86.7,1,10.4
8.28,68.5,0,3,100.0,68.2,1,70.7,1,10.35
7.45,73.6,1,5,71.8,62.3,4,46.2,1,12.13
7.22,90.4,2,0,65.6,84.4,4,75.2,1,10.77
8.64,75.2,2,2,100.0,65.9,2,69.7,1,12.93
8.23,74.5,0,3,78.6,73.9,7,71.8,1,10.65
8.16,88.5,1,2,52.3,48.5,5,55.4,0,
8.24,91.2,0,1,79.5,69.4,0,64.4,1,11.08
5.7,65.9,2,4,67.2,62.2,7,66.3,1,9.33
5.56,95.6,1,3,74.1,55.4,7,49.3,1,5.5
5.24,55.4,1,5,55.1,46.6,7,60.1,0,
7.66,68.1,1,3,59.5,49.0,7,63.0,1,9.58
5.09,80.9,1,2,64.4,49.2,7,66.8,0,
8.1,75.2,1,1,70.8,75.4,5,53.2,1,8.26
9.42,93.4,1,3,78.4,79.9,6,79.0,1,11.57
8.23,88.1,2,1,66.6,62.7,1,63.8,1,10.57
5.48,73.7,3,2,72.9,59.3,0,71.2,0,
8.25,62.9,2,4,90.0,72.9,6,67.9,1,12.52
7.7,76.9,3,2,75.4,48.1,8,64.0,1,9.81
8.21,86.8,2,3,66.0,77.4,1,37.5,1,10.51
7.93,93.6,0,4,86.0,69.1,1,83.9,1,11.07
7.12,77.8,1,0,71.2,70.4,2,71.9,1,8.99
9.65,89.6,0,3,81.8,85.6,1,70.7,1,10.67
6.18,88.9,1,1,67.9,68.3,6,68.4,1,5.82
7.48,85.7,2,3,75.4,67.2,8,68.7,1,8.9
5.79,57.8,2,5,99.8,64.7,0,53.9,1,9.42
8.84,94.4,3,3,69.1,81.0,8,82.8,1,11.69
8.97,95.5,1,1,88.9,68.2,3,57.5,1,10.16
7.97,74.9,0,5,77.2,72.0,4,78.7,1,9.13
9.22,78.4,1,1,92.7,84.5,8,79.3,1,13.33
5.11,95.1,1,2,55.9,75.4,6,60.2,0,
5.29,71.8,1,2,70.4,70.1,1,40.3,0,
5.03,70.3,0,5,78.7,55.1,8,59.0,0,
6.44,85.0,2,4,61.2,46.4,8,59.3,1,7.87
8.74,75.4,0,3,82.4,73.1,0,64.6,1,11.3
6.03,58.5,1,3,51.9,53.1,6,69.2,0,
8.06,99.8,1,3,77.0,56.9,2,70.1,1,10.16
8.38,93.8,0,1,68.5,66.8,2,68.4,1,9.05
9.57,82.1,1,0,73.2,80.9,8,78.9,1,12.24
7.33,90.6,0,4,75.7,42.5,4,76.6,1,8.6
8.93,77.0,0,2,84.8,73.1,7,55.8,1,12.69
7.28,87.4,1,1,54.7,52.9,7,62.7,1,7.46
8.49,59.0,1,4,77.1,74.3,6,66.0,1,10.71
6.33,59.0,0,0,45.9,43.7,4,50.0,0,
7.68,63.7,1,4,76.5,68.0,8,34.6,1,11.63
9.3,60.4,2,1,90.5,71.1,3,71.8,1,13.14
8.87,82.3,1,0,66.7,45.9,5,71.0,1,10.22
9.13,69.3,0,0,91.8,70.8,4,76.2,1,11.68
6.95,62.6,1,2,73.1,71.1,4,79.0,1,9.59
6.98,69.6,1,0,70.3,66.5,3,41.9,1,7.74
5.29,75.9,1,3,63.0,72.5,0,58.2,0,
8.24,66.1,1,1,100.0,65.2,1,78.5,1,9.67
8.76,61.4,1,1,80.3,57.7,6,83.9,1,12.69
9.61,82.9,1,1,89.0,100.0,7,72.5,1,13.31
8.26,100.0,2,1,61.5,62.3,0,74.9,1,10.38
8.35,92.4,1,2,79.7,74.9,8,61.7,1,10.4
8.27,70.4,0,5,77.3,71.5,5,59.8,1,10.74
8.32,84.1,0,3,79.0,70.8,2,67.3,1,11.74
8.38,89.3,1,5,78.0,58.4,7,62.3,1,12.17
6.72,63.0,2,5,54.3,68.5,5,60.3,1,8.83
6.06,55.9,0,5,67.2,64.0,4,61.3,0,
9.7,98.5,0,3,100.0,65.1,3,100.0,1,12.14
6.33,77.5,0,1,55.9,53.7,2,46.2,0,
5.31,66.7,1,1,55.7,70.3,4,42.1,0,
9.76,86.2,1,2,100.0,65.4,0,50.5,1,12.08
9.53,57.3,2,3,95.6,64.8,1,66.4,1,11.77
9.24,65.1,0,3,100.0,63.6,6,68.8,1,12.47
7.74,56.1,1,5,78.0,69.0,3,68.5,1,12.34
5.13,74.4,0,5,70.4,75.9,3,45.4,1,7.99
6.64,57.4,0,1,81.9,56.0,7,62.0,0,
7.78,58.8,0,0,49.4,83.2,1,66.0,0,
8.85,57.5,1,3,100.0,78.0,8,91.5,1,10.91
6.97,93.9,2,4,83.4,74.7,6,62.7,1,9.27
6.63,97.2,2,3,52.5,60.9,1,73.4,1,10.39
5.93,80.8,1,2,69.2,52.0,7,68.6,1,8.03
5.21,60.7,1,4,80.9,52.2,4,41.9,0,
5.7,76.1,1,2,57.9,59.8,2,70.2,0,
9.01,93.6,1,1,96.0,69.7,3,72.5,1,10.65
9.71,82.0,0,4,76.9,65.7,4,68.5,1,12.37
7.18,90.5,0,1,81.3,57.2,3,54.6,1,6.46
8.91,91.3,1,3,86.8,85.0,5,100.0,1,12.04
7.66,61.4,1,5,64.1,57.0,0,72.5,1,9.86
6.26,62.8,2,1,68.1,62.0,4,61.3,1,7.9
8.25,72.1,2,0,66.4,75.4,7,68.4,1,8.45
9.69,99.9,2,5,71.6,80.4,2,75.4,1,12.48
6.82,71.8,1,5,75.9,66.7,3,67.4,1,10.26
8.02,67.6,0,4,88.4,90.5,3,61.1,1,8.94
8.8,82.7,0,3,83.7,55.4,8,59.0,1,11.67
7.52,76.7,3,3,91.7,64.8,0,76.1,1,13.73
7.17,65.5,0,3,84.1,55.5,5,62.5,1,9.16
7.49,65.4,0,4,67.4,57.6,7,55.2,1,9.71
7.39,67.3,0,3,75.5,81.3,5,71.7,1,7.96
5.38,67.4,0,0,50.5,60.3,3,57.0,0,
6.2,88.5,2,2,78.0,66.3,2,74.0,1,8.66
8.55,96.1,0,2,76.6,80.1,6,89.2,1,10.42
8.14,99.5,3,3,77.1,71.0,3,85.6,1,11.74
8.77,89.1,1,3,80.6,75.0,3,43.3,1,10.33
9.09,56.4,0,1,86.0,66.2,7,88.8,1,8.68
6.63,73.9,1,3,69.9,45.7,4,59.3,1,8.99
5.74,97.9,0,5,41.7,66.4,6,31.7,1,6.83
6.88,79.1,0,0,46.6,88.3,4,66.2,1,6.84
8.31,77.0,0,0,70.2,78.5,3,61.0,1,11.06
5.34,57.6,1,1,41.2,78.7,6,58.6,0,
7.57,76.5,0,1,74.6,71.7,6,71.6,1,9.74
6.49,64.1,1,3,80.6,61.7,2,61.4,0,
7.9,66.1,0,4,87.8,76.5,0,56.4,1,9.68
9.23,75.5,1,5,95.8,62.3,2,64.4,1,11.94
6.85,84.7,1,0,52.3,42.6,3,79.4,1,6.6
9.24,79.2,1,0,71.5,56.3,3,81.3,1,10.49
6.77,89.0,1,2,60.3,57.5,3,64.9,0,
5.35,86.3,1,3,58.9,51.2,3,65.5,0,
5.55,96.3,0,5,67.9,46.3,1,59.2,0,
9.56,61.3,2,1,80.2,75.2,1,74.3,1,12.68
8.56,62.6,1,0,69.9,64.5,5,76.6,1,10.96
7.12,57.1,1,4,65.6,53.4,1,47.7,1,9.83
5.25,55.2,2,1,63.2,52.4,3,55.7,0,
5.13,55.7,2,5,59.8,49.7,1,61.1,0,
5.81,62.5,1,0,57.9,50.3,3,37.4,0,
6.9,74.3,0,0,56.7,68.9,6,60.5,0,
6.02,64.9,1,2,54.4,51.5,1,67.4,0,
8.68,77.5,3,5,53.1,63.2,2,68.7,1,10.96
6.87,96.6,2,1,79.2,55.8,5,76.3,1,8.73
5.32,55.8,2,3,46.6,67.9,3,36.5,0,
5.06,56.0,2,0,41.3,73.0,3,51.2,0,
6.8,68.3,0,1,58.0,56.9,7,60.5,0,
6.34,84.0,2,4,72.6,50.4,4,59.4,1,8.89
5.99,57.4,2,1,47.0,65.4,3,40.4,0,
6.54,74.9,0,3,60.4,68.7,2,63.5,1,7.63
5.83,79.7,2,1,57.2,63.7,7,50.1,1,7.25
6.2,67.8,1,5,78.9,67.4,7,81.6,1,10.73
6.91,62.5,1,4,63.5,56.2,2,70.7,0,
5.1,72.2,2,2,49.0,52.8,2,53.8,0,
7.18,71.9,1,0,53.8,79.8,3,67.1,1,9.43
8.48,77.1,2,3,82.5,80.4,7,65.8,1,15.07
5.34,94.8,3,0,38.8,66.8,3,57.8,0,
8.7,88.8,0,5,70.6,72.0,0,52.8,1,11.06
5.17,91.6,1,5,55.3,72.7,2,57.8,1,8.67
8.27,66.4,1,5,86.9,67.6,1,50.6,1,10.36
9.32,78.3,0,3,96.8,79.1,4,82.2,1,12.2
9.26,81.4,1,5,96.8,69.2,5,74.8,1,13.55
8.36,55.3,0,3,99.8,73.6,6,67.5,1,10.95
8.52,62.7,1,5,96.8,79.6,8,80.5,1,12.73
5.28,63.2,2,2,48.9,79.3,7,52.5,0,
9.17,62.5,0,3,74.2,75.5,0,73.8,1,10.51
8.23,59.5,0,0,59.9,52.2,0,78.9,1,10.1
9.74,89.3,2,3,90.9,75.6,5,56.6,1,15.12
9.8,91.8,2,5,83.4,84.2,5,88.4,1,16.25
6.93,92.6,2,0,62.0,45.9,4,47.3,1,7.38
6.19,75.3,1,3,47.8,59.2,0,88.8,0,
8.9,55.7,1,0,94.5,68.2,7,71.0,1,10.93
6.67,97.3,2,3,47.4,84.3,1,58.7,1,7.68
5.94,61.4,1,4,70.7,42.7,0,72.6,1,7.38
7.63,94.4,0,3,92.4,78.6,8,60.7,1,11.1
8.62,84.7,0,3,85.3,70.4,5,85.2,1,11.11
7.29,95.4,0,1,76.1,78.9,7,55.2,1,9.74
9.19,96.9,2,4,99.4,76.7,6,58.8,1,14.59
6.12,66.7,0,0,53.1,75.8,3,69.0,0,
6.77,93.4,3,4,66.4,62.3,8,50.8,1,10.97
7.03,89.7,2,1,49.1,62.3,3,63.4,1,8.81
8.92,68.4,0,5,82.1,57.3,2,74.1,1,9.22
8.97,56.5,0,4,93.9,71.5,7,64.2,1,11.12
5.28,91.5,0,5,95.2,61.5,3,74.0,1,7.87
9.15,63.1,1,3,79.4,91.9,2,85.7,1,11.12
9.75,89.1,1,4,100.0,73.7,3,63.3,1,12.0
5.47,69.6,2,0,62.4,43.9,7,47.0,0,
7.12,76.7,2,1,69.8,82.4,0,47.2,1,10.99
9.12,71.9,3,5,100.0,86.1,1,47.5,1,15.24
9.54,60.3,1,2,59.4,58.1,6,72.3,1,10.16
7.86,62.8,1,5,89.2,83.8,1,64.4,1,9.17
8.12,67.4,1,2,81.8,68.9,1,48.7,1,10.16
7.75,80.8,0,5,82.1,79.2,6,74.0,1,10.82
7.08,80.7,0,0,57.2,43.0,8,71.1,1,8.55
7.57,91.5,1,4,79.9,73.4,1,51.5,1,9.63
8.16,60.3,2,5,91.6,81.3,5,71.2,1,12.54
7.7,93.3,0,0,73.7,56.4,8,64.4,1,11.37
8.16,66.2,0,4,90.4,63.5,8,51.8,1,10.34
9.73,70.8,1,1,70.4,68.8,0,56.6,1,12.18
6.44,92.5,3,4,54.9,57.0,4,71.3,1,9.86
6.83,95.7,1,0,65.0,78.9,2,55.2,1,7.93
8.52,99.8,1,1,72.2,56.3,8,58.2,1,12.16
7.08,56.2,1,0,93.4,62.6,8,77.0,1,9.63
5.43,95.9,2,1,59.8,51.9,0,83.0,1,7.24
8.76,60.6,1,2,100.0,54.1,1,57.5,1,11.17
9.15,79.8,1,0,90.9,96.0,6,79.8,1,10.7
7.65,94.7,1,4,59.5,67.7,8,65.8,1,8.02
5.68,80.5,0,5,60.4,50.6,3,51.3,0,
7.2,74.8,1,3,62.8,64.7,6,43.9,1,9.8
8.05,58.9,0,2,71.4,77.0,1,52.1,1,6.79
5.79,57.6,1,4,85.2,50.6,0,69.4,0,
7.44,87.9,1,4,69.9,50.6,8,59.8,1,7.65
8.58,87.1,1,5,70.4,50.5,8,100.0,1,10.81
7.15,62.6,2,4,81.2,60.7,5,70.3,1,11.51
6.82,71.8,0,5,72.0,63.3,1,76.2,1,10.42
6.27,55.1,1,3,68.0,70.3,8,60.6,1,6.7
7.34,71.0,1,2,74.2,63.8,5,68.8,1,8.77
6.7,59.6,1,0,34.7,58.5,6,70.7,0,
5.75,84.5,0,3,54.2,66.4,2,47.7,0,
9.75,84.5,1,1,76.5,84.3,5,87.0,1,12.63
5.64,73.9,0,0,58.8,62.5,7,63.3,1,5.01
5.57,77.0,1,5,64.6,48.8,6,29.1,0,
9.05,72.5,0,0,78.0,66.7,5,49.7,1,10.34
6.64,98.9,1,3,86.5,53.7,1,61.8,1,8.2
5.73,78.0,0,0,78.5,32.3,3,50.5,0,
7.27,90.2,0,5,71.3,65.0,2,63.9,1,13.11
9.46,74.2,1,0,88.0,80.9,8,63.0,1,13.22
6.11,70.1,1,4,64.3,62.0,1,57.3,1,7.46
6.54,57.1,0,0,68.8,57.0,4,51.2,0,
5.48,63.3,2,2,61.9,55.2,0,61.0,0,
5.63,71.2,2,5,48.6,60.9,5,42.0,1,8.84
7.8,58.9,0,5,82.3,61.6,3,69.8,1,12.77
7.97,68.6,1,1,88.4,61.7,2,64.4,1,11.5
6.21,94.5,2,4,93.6,57.2,7,54.7,1,8.44
7.51,97.9,2,1,74.0,52.2,2,53.2,1,12.31
5.29,98.8,0,3,44.2,57.6,8,62.3,0,
8.6,72.3,2,3,75.8,65.7,0,72.9,1,10.61
8.8,75.5,1,4,63.3,70.0,4,92.6,1,9.64
5.82,57.1,0,0,35.4,39.1,4,65.8,0,
8.79,83.9,0,1,76.9,71.0,5,47.6,1,8.93
9.24,66.9,0,4,100.0,64.1,0,100.0,1,11.56
9.63,63.0,3,4,79.1,56.0,1,69.4,1,14.09
8.01,82.2,0,3,75.0,69.6,6,75.4,1,10.65
8.49,71.6,2,0,59.1,70.3,2,73.2,1,9.66
5.1,62.3,0,3,40.5,53.7,2,47.3,0,
9.36,98.7,0,4,94.5,85.4,0,86.6,1,11.86
5.1,92.2,2,5,69.6,54.1,1,51.3,1,6.23
5.05,90.6,1,2,41.9,59.0,2,50.2,0,
7.13,62.3,0,1,67.8,65.1,4,77.5,0,
8.96,59.6,0,4,83.3,80.5,0,61.7,1,11.54
7.05,61.6,1,1,81.4,56.3,1,25.5,0,
6.08,98.0,0,0,51.1,56.7,1,71.3,0,
5.85,78.9,1,5,46.3,69.9,4,50.4,0,
9.2,67.2,1,2,100.0,64.6,1,76.6,1,14.19
5.7,61.7,1,3,59.0,60.9,6,51.4,1,7.02
5.43,99.8,0,3,51.6,68.0,7,51.4,0,
8.81,70.0,2,5,100.0,66.1,8,54.4,1,10.91
6.85,81.1,1,4,68.4,66.7,3,39.8,1,8.35
5.01,99.7,0,4,53.7,57.0,1,64.4,0,
9.07,94.0,2,2,60.4,77.4,8,96.4,1,11.35
5.27,61.2,3,5,87.4,68.2,6,70.3,1,10.76
8.18,58.3,2,1,84.5,70.7,1,66.8,1,11.36
8.67,76.1,0,4,74.8,67.7,6,59.1,1,9.61
8.1,55.6,0,0,72.0,66.5,2,64.6,1,9.87
9.2,79.9,2,4,73.7,55.5,6,70.6,1,11.72
5.44,72.0,3,5,70.0,72.6,3,38.4,1,10.67
5.37,86.2,1,5,63.1,44.5,2,38.0,1,7.8
7.04,67.1,0,2,49.8,51.3,0,62.6,0,
5.51,64.5,0,2,60.6,64.9,0,56.3,0,
7.74,57.0,3,3,86.2,69.7,4,76.2,1,11.15
5.94,88.8,1,1,69.4,58.3,6,52.6,1,6.38
7.41,89.9,0,3,49.9,68.8,0,61.9,1,5.98
5.45,87.3,2,5,71.9,47.1,2,38.9,1,8.24
9.76,82.4,1,2,81.3,76.9,4,57.9,1,9.96
8.72,72.4,0,4,96.7,49.2,7,50.1,1,11.55
8.68,68.9,2,0,60.5,70.8,2,75.2,1,9.93
5.43,63.1,2,2,68.2,88.1,7,52.8,0,
5.6,80.6,0,2,52.9,40.8,2,70.2,0,
8.0,69.1,0,3,83.2,59.4,0,65.7,1,8.87
8.56,66.0,2,0,76.1,74.5,6,74.8,1,11.69
7.22,59.2,1,5,83.8,45.1,1,58.0,1,11.09
9.4,96.5,2,1,78.2,75.9,5,85.4,1,11.49
6.34,56.7,0,3,53.3,66.0,0,65.9,1,7.2
5.3,91.4,2,3,61.0,64.6,0,72.6,0,
6.3,83.6,0,0,56.4,65.7,7,69.3,0,
8.21,66.7,2,0,80.5,61.7,4,72.5,1,9.02
8.31,62.2,1,2,83.8,81.4,0,59.1,1,9.93
5.95,87.5,1,1,41.9,88.6,5,83.3,1,8.03
6.52,90.6,1,2,58.9,61.1,7,59.9,1,7.0
8.04,83.8,1,0,75.8,98.1,6,59.3,1,9.29
6.01,63.6,1,0,50.1,52.9,4,66.3,0,
9.17,86.5,1,3,77.6,63.9,8,76.4,1,13.06
6.61,96.7,1,2,72.4,75.7,8,51.4,1,7.64
8.04,86.6,2,0,54.0,88.1,1,65.5,1,9.62
9.48,59.7,1,4,96.3,71.7,7,50.2,1,11.84
6.02,90.0,1,0,34.8,64.2,1,70.8,0,
7.23,95.9,1,5,95.8,44.2,3,80.2,1,10.46
8.16,68.8,2,3,78.6,67.8,6,69.3,1,11.67
7.49,88.4,0,1,46.2,99.4,3,54.4,1,7.81
7.96,72.7,0,4,55.1,79.1,6,73.2,1,10.82
7.1,59.5,2,4,66.5,75.0,6,73.1,1,8.55
6.25,79.9,2,1,62.0,62.4,0,47.9,0,
5.13,86.8,2,0,46.5,55.4,2,71.5,0,
8.73,63.4,1,1,72.8,84.0,3,65.7,1,10.0
5.25,58.7,0,0,56.2,47.7,1,42.9,0,
5.59,61.4,0,1,72.8,69.1,5,64.1,0,
5.48,90.8,1,3,56.1,62.2,6,54.7,0,
9.36,91.4,0,0,85.9,86.7,0,61.4,1,11.82
6.66,99.8,1,0,70.4,77.8,1,61.7,1,9.45
5.73,94.0,0,1,58.2,64.8,1,58.1,0,
6.28,76.7,3,2,34.8,57.0,7,42.3,1,6.16
7.46,73.0,0,1,75.7,86.0,4,69.3,1,9.45
5.8,64.3,1,3,47.2,67.8,4,48.7,0,
7.92,74.3,1,2,59.1,84.0,7,52.4,1,9.92
7.45,81.4,0,5,94.2,61.7,6,71.2,1,9.56
6.72,58.3,1,2,85.1,68.7,0,69.1,1,9.23
6.58,75.9,2,1,51.1,58.2,3,54.8,0,
6.33,82.4,2,5,94.9,71.8,6,54.0,1,10.7
5.24,77.2,0,2,48.3,52.0,2,57.9,0,
6.13,56.0,0,4,58.4,84.7,4,56.5,1,10.2
5.18,79.0,1,2,52.5,53.4,1,60.7,0,
6.44,69.3,0,0,48.3,58.4,0,45.2,0,
7.18,93.2,3,0,78.9,43.1,1,66.4,1,9.81
6.55,85.9,1,1,62.2,77.2,5,70.3,1,6.55
5.02,86.0,0,0,70.5,73.2,1,52.5,0,
8.8,72.1,1,1,72.3,68.4,5,82.2,1,12.87
6.98,75.1,0,4,53.7,64.7,7,75.6,1,8.17
8.51,65.2,0,2,75.9,60.1,3,57.5,1,10.18
9.66,57.7,0,1,88.3,64.0,7,75.0,1,11.94
7.83,78.7,2,2,69.3,51.8,8,70.3,1,10.9
7.17,82.9,0,3,66.3,68.1,2,71.6,1,6.0
7.77,59.6,1,0,67.1,58.9,7,66.2,1,8.1
6.27,96.7,0,3,54.7,63.7,6,70.8,1,7.28
6.31,59.4,1,5,79.3,58.1,3,46.0,1,7.8
7.08,85.7,1,0,60.0,65.0,0,66.2,0,
7.55,67.4,2,5,76.8,63.9,1,52.5,1,13.12
8.32,77.3,0,1,68.5,76.7,4,66.7,1,7.67
7.29,68.7,2,1,66.7,73.2,2,79.1,1,11.61
5.68,55.6,1,2,91.0,62.6,1,66.4,1,9.2
7.27,55.0,2,3,73.6,80.8,4,77.2,1,8.91
5.8,61.6,0,2,63.2,49.8,7,53.7,0,
6.24,76.9,1,0,61.4,52.7,5,75.0,0,
9.11,95.6,1,0,75.0,85.7,0,77.8,1,11.59
6.71,56.4,1,5,100.0,73.1,1,58.9,1,13.34
8.07,98.4,2,5,59.1,61.5,8,78.3,1,10.19
7.83,97.5,0,1,79.6,80.2,5,69.0,1,8.93
8.82,80.5,2,2,73.2,99.5,7,75.4,1,11.15
6.39,80.1,0,3,53.5,56.9,0,80.5,0,
8.96,60.6,1,0,78.1,57.2,0,77.3,1,10.6
9.22,90.3,1,4,92.4,76.7,4,83.1,1,10.22
6.4,56.4,2,1,71.9,67.5,6,43.8,0,
9.29,96.4,1,1,96.4,57.9,5,64.1,1,11.08
8.68,66.3,1,1,75.2,75.1,7,57.5,1,11.49
5.67,74.9,0,5,58.6,55.8,6,43.6,0,
7.21,96.1,0,3,78.9,70.0,4,66.3,1,7.69
6.79,82.9,2,2,88.4,70.2,2,60.1,1,10.59
7.21,57.4,0,5,55.6,76.4,4,72.9,1,8.38
9.15,60.5,1,4,88.8,69.0,3,55.3,1,12.99
9.3,83.8,0,5,91.8,60.8,0,100.0,1,10.76
5.96,58.0,0,0,45.7,58.8,1,35.5,0,
7.13,57.5,0,3,64.3,65.2,3,70.7,0,
8.94,85.7,2,4,92.4,76.1,0,78.6,1,12.41
8.56,79.6,1,2,72.8,69.0,7,73.6,1,11.28
6.85,91.0,1,3,75.8,70.6,1,59.8,1,8.64
9.29,82.9,0,2,100.0,85.2,7,68.0,1,15.43
6.72,93.5,1,2,78.0,55.2,8,77.1,1,7.47
6.63,87.2,2,2,80.8,66.0,6,43.4,1,10.18
7.32,98.3,1,1,42.8,53.7,8,62.2,1,6.35
7.81,92.3,0,0,59.3,71.1,1,59.6,1,7.08
8.26,69.6,0,5,87.4,64.1,2,65.4,1,13.82
5.3,66.3,0,5,60.6,74.0,0,64.2,0,
8.35,72.0,3,4,78.6,62.6,7,64.6,1,12.33
5.97,62.3,2,1,60.1,61.1,1,64.2,1,8.33
6.96,79.6,0,1,57.7,52.4,8,34.3,0,
7.74,76.3,1,4,79.7,84.4,1,51.1,1,11.41
9.2,80.6,0,4,87.6,78.1,3,85.0,1,14.25
6.39,92.3,1,2,66.9,81.8,4,69.6,1,8.99
9.1,96.9,1,3,74.6,63.0,1,45.9,1,13.15
5.15,74.0,0,0,47.4,65.5,5,66.2,0,
9.22,65.6,0,4,81.4,87.0,0,60.3,1,12.36
7.0,88.3,2,4,67.7,64.8,0,73.2,1,9.91
7.29,90.2,2,1,78.0,68.8,3,63.7,1,9.06
8.27,88.2,1,0,62.0,76.1,2,55.6,1,10.23
9.31,99.2,1,1,91.0,59.7,3,93.6,1,13.15
6.09,88.6,2,4,34.1,46.4,0,64.7,0,
5.27,57.5,1,2,66.6,59.8,3,61.4,0,
6.91,84.6,1,0,61.4,77.4,7,55.5,0,
9.31,93.6,1,2,100.0,66.4,4,77.3,1,13.09
7.6,59.7,0,3,68.6,62.2,4,48.3,1,10.42
9.04,78.4,0,4,91.1,82.5,2,78.7,1,10.17
9.57,56.0,2,2,93.5,72.4,1,83.9,1,13.72
6.84,55.8,1,3,77.7,65.4,2,53.4,0,
8.17,56.4,2,0,87.2,58.8,5,89.8,1,10.96
8.63,70.3,2,3,67.5,83.3,0,52.9,1,10.0
9.57,97.0,0,4,76.8,77.5,8,70.3,1,8.37
6.14,95.8,0,5,78.6,65.0,3,57.0,1,7.63
7.74,56.7,0,2,61.9,50.8,0,76.0,1,8.2
5.86,75.8,1,3,71.5,69.5,8,60.0,1,8.41
9.51,67.4,1,2,97.9,70.6,4,73.0,1,12.9
8.03,61.6,1,0,64.6,69.9,2,83.5,1,6.96
7.78,56.9,1,0,100.0,56.9,4,88.2,1,10.8
5.21,65.6,0,4,49.3,44.5,3,59.8,0,
8.98,85.6,0,3,99.8,76.3,5,65.2,1,11.21
9.68,95.4,1,2,81.6,70.2,0,71.0,1,11.6
6.02,69.1,1,5,67.1,45.6,5,57.3,1,7.82
7.8,84.6,0,5,86.8,69.3,3,26.7,1,9.38
7.59,60.5,2,0,51.9,53.7,8,53.4,0,
9.01,68.2,0,1,82.5,81.2,3,38.5,1,11.36
5.55,65.8,1,3,53.6,66.0,8,66.3,1,6.13
8.77,65.3,2,1,78.3,78.4,6,65.0,1,9.7
7.91,90.8,0,0,79.3,73.3,2,50.6,1,9.5
9.21,55.7,0,2,58.0,74.5,7,52.0,1,9.74
5.16,74.4,1,0,65.4,73.0,6,63.9,0,
6.93,80.1,1,0,49.9,81.3,5,47.8,0,
9.77,57.0,1,2,100.0,67.6,7,72.3,1,12.86
8.52,87.6,1,4,66.0,90.3,5,80.9,1,10.04
6.54,63.0,1,2,69.9,60.5,4,56.4,1,6.77
7.44,96.8,0,3,72.5,62.9,2,70.6,1,9.9
9.24,87.9,1,2,68.9,66.0,1,66.8,1,10.78
6.07,62.6,2,2,75.0,78.6,3,56.9,1,8.06
5.99,92.7,2,0,52.1,58.1,8,50.3,0,
7.34,92.0,1,2,85.0,60.2,7,40.9,1,9.42
8.39,93.0,1,3,86.3,64.9,2,67.8,1,11.02
5.56,70.9,0,1,53.4,48.5,8,49.5,0,
8.53,85.2,0,5,76.9,93.1,6,83.3,1,10.72
7.68,92.7,1,5,80.7,61.0,6,58.3,1,10.09
5.94,76.2,1,1,56.6,50.8,3,54.3,0,
7.48,87.5,0,3,88.3,71.7,3,63.1,1,9.24
8.03,65.6,0,4,65.9,64.3,4,59.8,1,7.79
8.21,77.1,1,4,73.9,78.7,1,72.8,1,12.61
7.01,75.1,0,3,58.8,73.2,5,71.0,1,7.43
6.91,60.8,2,3,55.6,53.7,0,58.0,1,10.37
5.29,89.7,0,2,42.6,40.2,6,66.7,0,
6.29,87.8,0,0,72.8,57.1,2,70.7,0,
5.53,98.6,1,1,50.0,56.4,0,54.6,0,
8.38,96.1,2,4,78.7,72.7,3,69.0,1,12.3
5.75,79.1,2,1,54.5,65.3,5,52.9,1,6.78
5.17,55.9,2,0,25.0,37.2,0,54.5,0,
6.1,89.8,0,2,70.2,60.4,6,36.4,0,
8.55,67.1,0,0,67.6,53.1,6,67.7,1,9.34
7.6,96.4,0,4,80.3,59.4,4,67.1,1,9.79
7.2,59.5,3,4,65.2,55.8,1,64.6,1,11.39
6.34,67.8,1,4,69.5,63.4,7,55.2,0,
8.66,87.2,1,4,97.6,68.9,3,55.7,1,12.94
5.69,83.3,0,4,71.4,69.5,7,77.7,1,7.39
6.94,92.7,1,4,73.9,59.9,7,61.6,1,9.01
6.54,80.4,1,0,64.6,61.3,8,68.3,1,6.0
6.5,84.3,0,5,58.3,63.5,1,71.1,1,8.82
5.07,78.4,0,1,54.4,30.0,0,66.5,0,
8.01,78.6,0,4,71.8,66.7,1,66.8,1,10.47
9.43,85.5,1,4,100.0,64.7,2,80.9,1,13.44
8.43,78.4,0,3,96.9,72.1,2,78.1,1,12.81
7.27,69.3,0,3,100.0,77.4,4,60.7,1,11.25
5.45,83.1,1,0,58.5,49.5,3,68.2,0,
5.92,67.8,2,3,65.1,51.6,6,52.5,1,7.4
8.08,64.1,1,0,68.4,59.5,4,60.6,1,7.46
6.84,80.9,2,4,70.5,60.0,7,82.8,1,9.68
6.11,64.7,2,4,72.1,65.7,0,47.1,1,10.33
7.11,84.9,0,4,79.4,65.0,6,53.6,1,10.19
7.28,69.0,1,4,90.4,72.2,3,90.9,1,11.44
9.03,80.2,1,2,65.8,66.6,6,56.0,1,10.17
9.16,93.5,2,2,82.0,65.1,8,89.9,1,12.34
9.48,99.8,0,2,96.2,72.8,4,71.7,1,14.29
9.4,77.6,0,2,94.2,75.4,7,39.8,1,11.58
5.27,80.7,0,5,55.7,91.0,7,37.0,0,
9.2,88.8,2,0,78.2,62.5,2,82.9,1,10.46
9.08,58.7,2,0,92.6,77.7,0,61.0,1,11.39
8.14,88.2,0,5,100.0,74.1,2,58.0,1,10.72
9.53,78.2,2,3,73.3,82.3,0,92.7,1,10.62
5.4,75.0,0,1,53.6,53.4,0,44.2,0,
5.57,76.0,2,0,66.3,47.1,1,50.9,0,
5.41,69.3,1,0,47.1,59.7,3,34.6,0,
9.21,97.4,0,5,82.3,58.0,3,50.7,1,9.91
6.49,72.1,0,2,71.1,69.4,3,64.8,0,
5.96,99.1,0,3,62.4,72.5,5,47.8,1,5.77
8.99,56.7,2,3,90.2,79.9,6,82.9,1,14.34
8.82,64.3,1,4,68.0,65.5,4,86.7,1,11.15
5.15,60.2,1,1,65.5,44.4,5,56.7,0,
7.82,56.5,1,5,91.1,52.3,2,85.3,1,11.6
8.11,59.5,2,2,83.6,80.3,0,51.0,1,9.56
8.51,76.3,0,5,77.3,63.1,6,75.8,1,14.07
9.21,89.3,2,4,99.3,80.1,4,82.5,1,14.81
9.43,94.9,3,4,93.6,83.1,2,100.0,1,14.71
9.61,98.7,0,1,87.5,62.9,2,55.4,1,11.57
6.48,63.3,2,3,74.4,68.9,8,64.7,1,8.23
7.29,70.5,1,5,72.5,69.9,7,52.1,1,9.59
5.46,60.8,2,1,34.6,49.9,4,62.1,0,
7.04,72.7,0,3,53.7,50.1,0,34.3,0,
8.69,71.6,0,0,90.0,56.7,1,55.9,1,9.56
5.9,64.5,1,2,54.7,64.2,2,55.0,0,
8.94,56.6,3,3,89.8,81.8,8,76.5,1,14.54
5.49,93.8,2,0,60.5,61.0,8,61.3,0,
7.33,98.2,1,0,73.1,62.5,1,72.1,1,7.28
7.16,71.8,1,2,87.0,40.3,1,70.1,0,
7.55,72.3,1,1,98.0,67.4,4,71.3,1,9.88
5.23,67.7,0,3,45.5,53.5,5,55.9,0,
6.42,91.9,1,1,71.8,58.6,7,71.7,1,9.35
7.86,71.1,0,5,77.1,71.6,8,81.5,1,9.62
6.32,98.7,1,1,50.8,82.0,8,46.6,1,7.2
6.57,56.7,1,5,57.9,45.0,6,41.0,1,7.61
6.45,73.0,0,5,87.7,61.1,1,77.2,1,8.12
5.56,63.6,0,2,46.8,49.1,3,54.9,0,
7.75,64.7,2,2,72.8,47.9,4,61.3,1,9.24
6.37,55.2,0,3,71.1,56.6,7,51.4,0,
6.53,65.0,0,2,45.6,64.9,7,76.3,0,
6.58,72.5,2,0,50.1,57.0,7,69.1,1,9.29
7.4,79.0,0,3,73.7,68.4,1,53.2,1,8.76
